{"cameraMode":{"drawMode":0,"name":"Shaded","section":"Shading Mode"},"sceneLighting":false,"audioPlay":false,"sceneViewState":{"m_AlwaysRefresh":false,"showFog":true,"showSkybox":false,"showFlares":true,"showImageEffects":true,"showParticleSystems":true,"showVisualEffectGraphs":true,"m_FxEnabled":true},"in2DMode":false,"pivot":{"x":216.04273986816407,"y":37.117305755615237,"z":123.1043701171875},"rotation":{"x":0.3537571132183075,"y":0.03315943107008934,"z":-0.012958502396941185,"w":0.9347394704818726},"size":23.428640365600587,"orthographic":false}